{
  "ResNet-50": {
    "threshold": 0.7425,
    "auroc": 0.8231920199501247,
    "pr_auc": 0.5667402642793508,
    "f1": 0.5079365079365079,
    "precision": 0.7804878048780488,
    "recall": 0.3764705882352941,
    "accuracy": 0.9301014656144306,
    "tp": 32,
    "fp": 9,
    "tn": 793,
    "fn": 53,
    "auroc_ci": [
      0.766899489470014,
      0.8741167873568033
    ],
    "pr_auc_ci": [
      0.45799984556633316,
      0.6571195535588941
    ],
    "f1_ci": [
      0.4028057553956835,
      0.60743961352657
    ]
  },
  "R3D-18": {
    "threshold": 0.2316,
    "auroc": 0.9242261992078626,
    "pr_auc": 0.7919176890240383,
    "f1": 0.7236842105263159,
    "precision": 0.8208955223880597,
    "recall": 0.6470588235294118,
    "accuracy": 0.9526493799323562,
    "tp": 55,
    "fp": 12,
    "tn": 790,
    "fn": 30,
    "auroc_ci": [
      0.8823358221703893,
      0.9570798941835598
    ],
    "pr_auc_ci": [
      0.7042972135017828,
      0.8588659675517116
    ],
    "f1_ci": [
      0.6337641980917765,
      0.8
    ]
  },
  "M1": {
    "threshold": 0.1349,
    "auroc": 0.8177204048701775,
    "pr_auc": 0.49158705346066994,
    "f1": 0.44660194174757284,
    "precision": 0.38016528925619836,
    "recall": 0.5411764705882353,
    "accuracy": 0.8714768883878241,
    "tp": 46,
    "fp": 75,
    "tn": 727,
    "fn": 39,
    "auroc_ci": [
      0.7634845243929351,
      0.8703153250567116
    ],
    "pr_auc_ci": [
      0.3822033580523954,
      0.601226087786644
    ],
    "f1_ci": [
      0.3608205171539631,
      0.5314164346398229
    ]
  },
  "M2": {
    "threshold": 0.1578,
    "auroc": 0.806058383453132,
    "pr_auc": 0.514033612568646,
    "f1": 0.5301204819277108,
    "precision": 0.5432098765432098,
    "recall": 0.5176470588235295,
    "accuracy": 0.9120631341600902,
    "tp": 44,
    "fp": 37,
    "tn": 765,
    "fn": 41,
    "auroc_ci": [
      0.7471319742744388,
      0.8608654854103572
    ],
    "pr_auc_ci": [
      0.39742438126275936,
      0.629162451395642
    ],
    "f1_ci": [
      0.42962714392244594,
      0.625
    ]
  },
  "M3": {
    "threshold": 0.0553,
    "auroc": 0.8817294997799617,
    "pr_auc": 0.6982012064292022,
    "f1": 0.6438356164383562,
    "precision": 0.7704918032786885,
    "recall": 0.5529411764705883,
    "accuracy": 0.9413754227733935,
    "tp": 47,
    "fp": 14,
    "tn": 788,
    "fn": 38,
    "auroc_ci": [
      0.827345804236959,
      0.9274303488067767
    ],
    "pr_auc_ci": [
      0.5983155707141666,
      0.7832972651214569
    ],
    "f1_ci": [
      0.5372863941163747,
      0.7284768211920529
    ]
  },
  "M4": {
    "threshold": 0.0849,
    "auroc": 0.7995892621387708,
    "pr_auc": 0.4466066472480209,
    "f1": 0.4485981308411215,
    "precision": 0.37209302325581395,
    "recall": 0.5647058823529412,
    "accuracy": 0.8669673055242391,
    "tp": 48,
    "fp": 81,
    "tn": 721,
    "fn": 37,
    "auroc_ci": [
      0.7433199776738025,
      0.8556553084986965
    ],
    "pr_auc_ci": [
      0.3373586511179769,
      0.5691065649011947
    ],
    "f1_ci": [
      0.36450962830273176,
      0.5352352412346418
    ]
  },
  "M5": {
    "threshold": 0.0869,
    "auroc": 0.7873844799765292,
    "pr_auc": 0.4184055840651959,
    "f1": 0.43428571428571433,
    "precision": 0.4222222222222222,
    "recall": 0.4470588235294118,
    "accuracy": 0.8883878241262683,
    "tp": 38,
    "fp": 52,
    "tn": 750,
    "fn": 47,
    "auroc_ci": [
      0.7333128026324163,
      0.8424385947676197
    ],
    "pr_auc_ci": [
      0.31806098410249817,
      0.535634258765074
    ],
    "f1_ci": [
      0.3386046761046761,
      0.5241035924859454
    ]
  }
}